<?xml version="1.0" encoding="UTF-8"?>
<metadata xml:lang="fr"><Esri><CreaDate>20251229</CreaDate><CreaTime>12500700</CreaTime><ArcGISFormat>1.0</ArcGISFormat><SyncOnce>FALSE</SyncOnce><DataProperties><lineage><Process ToolSource="c:\program files (x86)\arcgis\desktop10.8\ArcToolbox\Toolboxes\Data Management Tools.tbx\CalculateField" Date="20230707" Time="011912" Name="" export="">CalculateField Routes_nationales_departementales_COG categorie "route départementale" VB #</Process><Process ToolSource="c:\program files (x86)\arcgis\desktop10.8\ArcToolbox\Toolboxes\Data Management Tools.tbx\CalculateField" Date="20230707" Time="012941" Name="" export="">CalculateField Routes_nationales_departementales_COG TOPONYME "RN1 bis" VB #</Process><Process ToolSource="c:\program files (x86)\arcgis\desktop10.8\ArcToolbox\Toolboxes\Conversion Tools.tbx\FeatureClassToFeatureClass" Date="20250712" Time="080955" Name="" export="">FeatureClassToFeatureClass Routes_nationales_departementales_COG "C:\Users\Utilisateur\Documents\PROJETS\IGN\PUDT\1. Atelier_limites_frontières_IGNIE_Juillet2025\SIG\LIMITES_FINALISEES.gdb\Donnees_administratives" Routes_nationales_departementales # "TOPONYME "TOPONYME" true true false 50 Text 0 0 ,First,#,Routes_nationales_departementales_COG,TOPONYME,-1,-1;TYPE "TYPE" true true false 50 Text 0 0 ,First,#,Routes_nationales_departementales_COG,TYPE,-1,-1;categorie "categorie" true true false 50 Text 0 0 ,First,#,Routes_nationales_departementales_COG,categorie,-1,-1;SHAPE_Length "SHAPE_Length" false true true 8 Double 0 0 ,First,#,Routes_nationales_departementales_COG,SHAPE_Length,-1,-1" #</Process></lineage><itemProps><itemName Sync="TRUE">Routes_nationales_departementales</itemName><imsContentType Sync="FALSE" export="False">007</imsContentType><itemLocation><linkage Sync="TRUE">file://\\NICY_BAZEBI\C$\Users\Utilisateur\Documents\PROJETS\IGN\0. Département de Cartographie et des SIG\Nouvelle carte administrative du Congo\SHP\Routes_nationales_departementales.shp</linkage><protocol Sync="TRUE">Local Area Network</protocol></itemLocation><nativeExtBox><westBL Sync="TRUE">11.192950</westBL><eastBL Sync="TRUE">18.590083</eastBL><southBL Sync="TRUE">-4.990010</southBL><northBL Sync="TRUE">3.475558</northBL><exTypeCode Sync="TRUE">1</exTypeCode></nativeExtBox><itemSize Sync="TRUE">0.339</itemSize></itemProps><coordRef><type Sync="TRUE">Geographic</type><geogcsn Sync="TRUE">GCS_WGS_1984</geogcsn><csUnits Sync="TRUE">Angular Unit: Degree (0.017453)</csUnits><peXml Sync="TRUE">&lt;GeographicCoordinateSystem xsi:type='typens:GeographicCoordinateSystem' xmlns:xsi='http://www.w3.org/2001/XMLSchema-instance' xmlns:xs='http://www.w3.org/2001/XMLSchema' xmlns:typens='http://www.esri.com/schemas/ArcGIS/10.7'&gt;&lt;WKT&gt;GEOGCS[&amp;quot;GCS_WGS_1984&amp;quot;,DATUM[&amp;quot;D_WGS_1984&amp;quot;,SPHEROID[&amp;quot;WGS_1984&amp;quot;,6378137.0,298.257223563]],PRIMEM[&amp;quot;Greenwich&amp;quot;,0.0],UNIT[&amp;quot;Degree&amp;quot;,0.0174532925199433],AUTHORITY[&amp;quot;EPSG&amp;quot;,4326]]&lt;/WKT&gt;&lt;XOrigin&gt;-400&lt;/XOrigin&gt;&lt;YOrigin&gt;-400&lt;/YOrigin&gt;&lt;XYScale&gt;11258999068426.238&lt;/XYScale&gt;&lt;ZOrigin&gt;-100000&lt;/ZOrigin&gt;&lt;ZScale&gt;10000&lt;/ZScale&gt;&lt;MOrigin&gt;-100000&lt;/MOrigin&gt;&lt;MScale&gt;10000&lt;/MScale&gt;&lt;XYTolerance&gt;8.983152841195215e-09&lt;/XYTolerance&gt;&lt;ZTolerance&gt;0.001&lt;/ZTolerance&gt;&lt;MTolerance&gt;0.001&lt;/MTolerance&gt;&lt;HighPrecision&gt;true&lt;/HighPrecision&gt;&lt;LeftLongitude&gt;-180&lt;/LeftLongitude&gt;&lt;WKID&gt;4326&lt;/WKID&gt;&lt;LatestWKID&gt;4326&lt;/LatestWKID&gt;&lt;/GeographicCoordinateSystem&gt;</peXml></coordRef></DataProperties><SyncDate>20250919</SyncDate><SyncTime>15053000</SyncTime><ModDate>20250919</ModDate><ModTime>15174700</ModTime><ArcGISstyle>North American Profile of ISO19115 2003</ArcGISstyle><scaleRange><minScale>150000000</minScale><maxScale>5000</maxScale></scaleRange><ArcGISProfile>NAP</ArcGISProfile></Esri><dataIdInfo><envirDesc Sync="TRUE"> Version 6.2 (Build 9200) ; Esri ArcGIS 10.8.0.12790</envirDesc><dataLang><languageCode value="fre" Sync="FALSE"/><countryCode value="CG" Sync="TRUE"/></dataLang><idCitation xmlns=""><resTitle Sync="TRUE">Routes_nationales_departementales</resTitle><presForm xmlns=""><PresFormCd value="005" Sync="TRUE"/></presForm><date><reviseDate>2025-09-19T00:00:00</reviseDate></date><citRespParty xmlns=""><rpIndName>PAKA Etienne</rpIndName><rpOrgName>Institut Géographique National - Ministère de la Recherche Scientifique et de l'Innovation Technologique</rpOrgName><rpPosName>Directeur Général</rpPosName><role><RoleCd value="003"/></role></citRespParty><citRespParty xmlns=""><rpIndName>BAZEBIZONZA Nicy</rpIndName><rpOrgName>Institut Géographique National - Ministère de la Recherche Scientifique et de l'Innovation Technologique</rpOrgName><rpPosName>Chef de Département de Cartographie et des SIG</rpPosName><role><RoleCd value="013"/></role></citRespParty></idCitation><spatRpType><SpatRepTypCd value="001" Sync="TRUE"/></spatRpType><dataExt xmlns=""><geoEle xmlns=""><GeoBndBox esriExtentType="search"><exTypeCode Sync="TRUE">1</exTypeCode><westBL Sync="TRUE">11.192950</westBL><eastBL Sync="TRUE">18.590083</eastBL><northBL Sync="TRUE">3.475558</northBL><southBL Sync="TRUE">-4.990010</southBL></GeoBndBox></geoEle></dataExt><idPurp>Réseau routier national et départemental de la République du Congo</idPurp><idAbs>&lt;DIV STYLE="text-align:Left;"&gt;&lt;DIV&gt;&lt;DIV&gt;&lt;P&gt;&lt;SPAN&gt;Cette couche géographique représente l’ensemble du réseau de routes nationales et départementales de la République du Congo. Elle comprend les tronçons routiers classés selon leur statut administratif&lt;/SPAN&gt;&lt;SPAN&gt;.&lt;/SPAN&gt;&lt;/P&gt;&lt;P&gt;&lt;SPAN /&gt;&lt;/P&gt;&lt;/DIV&gt;&lt;/DIV&gt;&lt;/DIV&gt;</idAbs><idCredit>Institut Géographique National - Ministère de la Recherche Scientifique et de l'Innovation Technologique (MRSIT)</idCredit><searchKeys><keyword>Routes nationales</keyword><keyword>routes départementales</keyword><keyword>République du Congo</keyword></searchKeys><dataChar><CharSetCd value="004"/></dataChar><idPoC xmlns=""><rpIndName>BAZEBIZONZA Nicy</rpIndName><rpOrgName>Institut Géographique National - Ministère de la Recherche Scientifique et de l'Innovation Technologique</rpOrgName><rpPosName>Chef de Département de Cartographie et des SIG</rpPosName><role><RoleCd value="013"/></role><displayName>BAZEBIZONZA Nicy</displayName></idPoC><resConst><Consts><useLimit>&lt;DIV STYLE="text-align:Left;"&gt;&lt;DIV&gt;&lt;P&gt;&lt;SPAN&gt;Cette couche présente les tronçons routiers classés selon leur statut administratif et pas selon leur état (bitumé, non bitumé, etc)&lt;/SPAN&gt;&lt;/P&gt;&lt;/DIV&gt;&lt;/DIV&gt;</useLimit></Consts></resConst><tpCat><TopicCatCd value="008"/></tpCat><tpCat><TopicCatCd value="018"/></tpCat></dataIdInfo><mdLang><languageCode value="fre" Sync="FALSE"/><countryCode value="FRA" Sync="TRUE"/></mdLang><distInfo xmlns=""><distFormat xmlns=""><formatName Sync="TRUE">Shapefile</formatName></distFormat><distTranOps xmlns=""><transSize Sync="TRUE">0.339</transSize></distTranOps></distInfo><mdHrLv><ScopeCd value="005" Sync="TRUE"/></mdHrLv><mdHrLvName Sync="TRUE">dataset</mdHrLvName><spatRepInfo><VectSpatRep><geometObjs Name="Routes_nationales_departementales"><geoObjTyp><GeoObjTypCd value="002" Sync="TRUE"/></geoObjTyp><geoObjCnt Sync="TRUE">113</geoObjCnt></geometObjs><topLvl><TopoLevCd value="001" Sync="TRUE"/></topLvl></VectSpatRep></spatRepInfo><spdoinfo><ptvctinf><esriterm Name="Routes_nationales_departementales"><efeatyp Sync="TRUE">Simple</efeatyp><efeageom code="3" Sync="TRUE"/><esritopo Sync="TRUE">FALSE</esritopo><efeacnt Sync="TRUE">113</efeacnt><spindex Sync="TRUE">TRUE</spindex><linrefer Sync="TRUE">FALSE</linrefer></esriterm></ptvctinf></spdoinfo><eainfo><detailed Name="Routes_nationales_departementales" xmlns=""><enttyp><enttypl Sync="TRUE">Routes_nationales_departementales</enttypl><enttypt Sync="TRUE">Feature Class</enttypt><enttypc Sync="TRUE">113</enttypc></enttyp><attr><attrlabl Sync="TRUE">FID</attrlabl><attalias Sync="TRUE">FID</attalias><attrtype Sync="TRUE">OID</attrtype><attwidth Sync="TRUE">4</attwidth><atprecis Sync="TRUE">0</atprecis><attscale Sync="TRUE">0</attscale><attrdef Sync="TRUE">Internal feature number.</attrdef><attrdefs Sync="TRUE">Esri</attrdefs><attrdomv><udom Sync="TRUE">Sequential unique whole numbers that are automatically generated.</udom></attrdomv></attr><attr><attrlabl Sync="TRUE">OBJECTID</attrlabl><attalias Sync="TRUE">OBJECTID</attalias><attrtype Sync="TRUE">Integer</attrtype><attwidth Sync="TRUE">10</attwidth><atprecis Sync="TRUE">10</atprecis><attscale Sync="TRUE">0</attscale><attrdef Sync="TRUE">Internal feature number.</attrdef><attrdefs Sync="TRUE">Esri</attrdefs><attrdomv><udom Sync="TRUE">Sequential unique whole numbers that are automatically generated.</udom></attrdomv></attr><attr><attrlabl Sync="TRUE">Shape</attrlabl><attalias Sync="TRUE">Shape</attalias><attrtype Sync="TRUE">Geometry</attrtype><attwidth Sync="TRUE">0</attwidth><atprecis Sync="TRUE">0</atprecis><attscale Sync="TRUE">0</attscale><attrdef Sync="TRUE">Feature geometry.</attrdef><attrdefs Sync="TRUE">Esri</attrdefs><attrdomv><udom Sync="TRUE">Coordinates defining the features.</udom></attrdomv></attr><attr><attrlabl Sync="TRUE">TOPONYME</attrlabl><attalias Sync="TRUE">TOPONYME</attalias><attrtype Sync="TRUE">String</attrtype><attwidth Sync="TRUE">50</attwidth><atprecis Sync="TRUE">0</atprecis><attscale Sync="TRUE">0</attscale></attr><attr><attrlabl Sync="TRUE">TYPE</attrlabl><attalias Sync="TRUE">TYPE</attalias><attrtype Sync="TRUE">String</attrtype><attwidth Sync="TRUE">50</attwidth><atprecis Sync="TRUE">0</atprecis><attscale Sync="TRUE">0</attscale></attr><attr><attrlabl Sync="TRUE">categorie</attrlabl><attalias Sync="TRUE">categorie</attalias><attrtype Sync="TRUE">String</attrtype><attwidth Sync="TRUE">50</attwidth><atprecis Sync="TRUE">0</atprecis><attscale Sync="TRUE">0</attscale></attr><attr><attrlabl Sync="TRUE">Shape_Leng</attrlabl><attalias Sync="TRUE">Shape_Leng</attalias><attrtype Sync="TRUE">Double</attrtype><attwidth Sync="TRUE">19</attwidth><atprecis Sync="TRUE">0</atprecis><attscale Sync="TRUE">0</attscale></attr></detailed></eainfo><mdDateSt Sync="TRUE">20250919</mdDateSt><mdChar><CharSetCd value="004" Sync="TRUE"/></mdChar><mdFileID>47304C72-0711-481D-B1F2-E02DBECE4986</mdFileID><mdContact xmlns=""><rpIndName>PAKA Etienne</rpIndName><rpOrgName>Institut Géographique National - Ministère de la Recherche Scientifique et de l'Innovation Technologique</rpOrgName><rpPosName>Directeur Général</rpPosName><role><RoleCd value="003"/></role><displayName>PAKA Etienne</displayName></mdContact><mdContact xmlns=""><rpIndName>BAZEBIZONZA Nicy</rpIndName><rpOrgName>Institut Géographique National - Ministère de la Recherche Scientifique et de l'Innovation Technologique</rpOrgName><rpPosName>Chef de Département de Cartographie et des SIG</rpPosName><role><RoleCd value="013"/></role><displayName>BAZEBIZONZA Nicy</displayName></mdContact><mdMaint xmlns=""><maintFreq><MaintFreqCd value="009"/></maintFreq></mdMaint></metadata>
